First Name,Last Name,Department,Logon Username,Name,Container
Aisha,Bhari,Finance,abhari,Aisha Bhari,"OU=Finance,OU=Departments,OU=LabUsers,DC=cmce,DC=lab"
Alice,Mullins,Finance,amullins,Alice Mullins,"OU=Finance,OU=Departments,OU=LabUsers,DC=cmce,DC=lab"
Ana,Hayes,Finance,ahayes,Ana Hayes,"OU=Finance,OU=Departments,OU=LabUsers,DC=cmce,DC=lab"
Andrew,O'Donnell,Finance,ao'donnell,Andrew O'Donnell,"OU=Finance,OU=Departments,OU=LabUsers,DC=cmce,DC=lab"
Annie,Gers,Finance,agers,Annie Gers,"OU=Finance,OU=Departments,OU=LabUsers,DC=cmce,DC=lab"
Barry,Butt,Finance,bbutt,Barry Butt,"OU=Finance,OU=Departments,OU=LabUsers,DC=cmce,DC=lab"
Carole,Malik,Finance,cmalik,Carole Malik,"OU=Finance,OU=Departments,OU=LabUsers,DC=cmce,DC=lab"
Charmian,Burslem,Finance,cburslem,Charmian Burslem,"OU=Finance,OU=Departments,OU=LabUsers,DC=cmce,DC=lab"
Chris,Pinn,Finance,cpinn,Chris Pinn,"OU=Finance,OU=Departments,OU=LabUsers,DC=cmce,DC=lab"
Christine,Love,Finance,clove,Christine Love,"OU=Finance,OU=Departments,OU=LabUsers,DC=cmce,DC=lab"
David,Hans,Finance,dhans,David Hans,"OU=Finance,OU=Departments,OU=LabUsers,DC=cmce,DC=lab"
Debbie,Ashong,Finance,dashong,Debbie Ashong,"OU=Finance,OU=Departments,OU=LabUsers,DC=cmce,DC=lab"
Debbie,Schlesinger,Finance,dschlesinger,Debbie Schlesinger,"OU=Finance,OU=Departments,OU=LabUsers,DC=cmce,DC=lab"
Dena,Guray,Finance,dguray,Dena Guray,"OU=Finance,OU=Departments,OU=LabUsers,DC=cmce,DC=lab"
Diane,Jones,Finance,djones,Diane Jones,"OU=Finance,OU=Departments,OU=LabUsers,DC=cmce,DC=lab"
Ella,Amaral,Finance,eamaral,Ella Amaral,"OU=Finance,OU=Departments,OU=LabUsers,DC=cmce,DC=lab"
Famida,Ghtoray,Finance,fghtoray,Famida Ghtoray,"OU=Finance,OU=Departments,OU=LabUsers,DC=cmce,DC=lab"
Gareth,Elgrew,Finance,gelgrew,Gareth Elgrew,"OU=Finance,OU=Departments,OU=LabUsers,DC=cmce,DC=lab"
Georgina,Nahar,Finance,gnahar,Georgina Nahar,"OU=Finance,OU=Departments,OU=LabUsers,DC=cmce,DC=lab"
Gillian,Powell,Finance,gpowell,Gillian Powell,"OU=Finance,OU=Departments,OU=LabUsers,DC=cmce,DC=lab"
Hasina,Lall,Finance,hlall,Hasina Lall,"OU=Finance,OU=Departments,OU=LabUsers,DC=cmce,DC=lab"
Helen,Cail,Finance,hcail,Helen Cail,"OU=Finance,OU=Departments,OU=LabUsers,DC=cmce,DC=lab"
Jacqui,Clark,Finance,jclark,Jacqui Clark,"OU=Finance,OU=Departments,OU=LabUsers,DC=cmce,DC=lab"
Jennifer,Sparks,Finance,jsparks,Jennifer Sparks,"OU=Finance,OU=Departments,OU=LabUsers,DC=cmce,DC=lab"
Joan,Hoad,Finance,jhoad,Joan Hoad,"OU=Finance,OU=Departments,OU=LabUsers,DC=cmce,DC=lab"
John,Williams,Finance,jwilliams,John Williams,"OU=Finance,OU=Departments,OU=LabUsers,DC=cmce,DC=lab"
Joy,Singh,Finance,jsingh,Joy Singh,"OU=Finance,OU=Departments,OU=LabUsers,DC=cmce,DC=lab"
Judy,Mollo,Finance,jmollo,Judy Mollo,"OU=Finance,OU=Departments,OU=LabUsers,DC=cmce,DC=lab"
Karen,Roberts,Finance,kroberts,Karen Roberts,"OU=Finance,OU=Departments,OU=LabUsers,DC=cmce,DC=lab"
Katherine,O'Brien,Finance,ko'brien,Katherine O'Brien,"OU=Finance,OU=Departments,OU=LabUsers,DC=cmce,DC=lab"
Kavita,Sheikh,Finance,ksheikh,Kavita Sheikh,"OU=Finance,OU=Departments,OU=LabUsers,DC=cmce,DC=lab"
Lesley,Pereira,Finance,lpereira,Lesley Pereira,"OU=Finance,OU=Departments,OU=LabUsers,DC=cmce,DC=lab"
Linda,Munden,Finance,lmunden,Linda Munden,"OU=Finance,OU=Departments,OU=LabUsers,DC=cmce,DC=lab"
Lucia,Kearney,Finance,lkearney,Lucia Kearney,"OU=Finance,OU=Departments,OU=LabUsers,DC=cmce,DC=lab"
Margaret,Headford,Finance,mheadford,Margaret Headford,"OU=Finance,OU=Departments,OU=LabUsers,DC=cmce,DC=lab"
Marian,Brand,Finance,mbrand,Marian Brand,"OU=Finance,OU=Departments,OU=LabUsers,DC=cmce,DC=lab"
Mary,Friel,Finance,mfriel,Mary Friel,"OU=Finance,OU=Departments,OU=LabUsers,DC=cmce,DC=lab"
Milli,Brockie,Finance,mbrockie,Milli Brockie,"OU=Finance,OU=Departments,OU=LabUsers,DC=cmce,DC=lab"
Naima,Meaden,Finance,nmeaden,Naima Meaden,"OU=Finance,OU=Departments,OU=LabUsers,DC=cmce,DC=lab"
Nicola,Clare,Finance,nclare,Nicola Clare,"OU=Finance,OU=Departments,OU=LabUsers,DC=cmce,DC=lab"
Olive,Weeks,Finance,oweeks,Olive Weeks,"OU=Finance,OU=Departments,OU=LabUsers,DC=cmce,DC=lab"
Paul,Linwood,Finance,plinwood,Paul Linwood,"OU=Finance,OU=Departments,OU=LabUsers,DC=cmce,DC=lab"
Pauline,Barnes,Finance,pbarnes,Pauline Barnes,"OU=Finance,OU=Departments,OU=LabUsers,DC=cmce,DC=lab"
Rachel,Jones,Finance,rjones,Rachel Jones,"OU=Finance,OU=Departments,OU=LabUsers,DC=cmce,DC=lab"
Ranjit,Rosset,Finance,rrosset,Ranjit Rosset,"OU=Finance,OU=Departments,OU=LabUsers,DC=cmce,DC=lab"
Sasha,Magee,Finance,smagee,Sasha Magee,"OU=Finance,OU=Departments,OU=LabUsers,DC=cmce,DC=lab"
Sharon,Lalor,Finance,slalor,Sharon Lalor,"OU=Finance,OU=Departments,OU=LabUsers,DC=cmce,DC=lab"
Sukhjit,Emmerson,Finance,semmerson,Sukhjit Emmerson,"OU=Finance,OU=Departments,OU=LabUsers,DC=cmce,DC=lab"
Trevor,Reece,Finance,treece,Trevor Reece,"OU=Finance,OU=Departments,OU=LabUsers,DC=cmce,DC=lab"
Wendy,Fyson,Finance,wfyson,Wendy Fyson,"OU=Finance,OU=Departments,OU=LabUsers,DC=cmce,DC=lab"
Amanda,Agrawal,Human Resources,aagrawal,Amanda Agrawal,"OU=Human Resources,OU=Departments,OU=LabUsers,DC=cmce,DC=lab"
Anil,Hunt,Human Resources,ahunt,Anil Hunt,"OU=Human Resources,OU=Departments,OU=LabUsers,DC=cmce,DC=lab"
Anna,Taylor,Human Resources,ataylor,Anna Taylor,"OU=Human Resources,OU=Departments,OU=LabUsers,DC=cmce,DC=lab"
Bozena,Kirton,Human Resources,bkirton,Bozena Kirton,"OU=Human Resources,OU=Departments,OU=LabUsers,DC=cmce,DC=lab"
Chandra,Dhiman,Human Resources,cdhiman,Chandra Dhiman,"OU=Human Resources,OU=Departments,OU=LabUsers,DC=cmce,DC=lab"
Chris ,Corbett,Human Resources,ccorbett,Chris  Corbett,"OU=Human Resources,OU=Departments,OU=LabUsers,DC=cmce,DC=lab"
Colin,McDyer,Human Resources,cmcdyer,Colin McDyer,"OU=Human Resources,OU=Departments,OU=LabUsers,DC=cmce,DC=lab"
Dawn,Evans,Human Resources,devans,Dawn Evans,"OU=Human Resources,OU=Departments,OU=LabUsers,DC=cmce,DC=lab"
Dukh,Morgan,Human Resources,dmorgan,Dukh Morgan,"OU=Human Resources,OU=Departments,OU=LabUsers,DC=cmce,DC=lab"
Emmanuel,Wan,Human Resources,ewan,Emmanuel Wan,"OU=Human Resources,OU=Departments,OU=LabUsers,DC=cmce,DC=lab"
Fran,Durrant,Human Resources,fdurrant,Fran Durrant,"OU=Human Resources,OU=Departments,OU=LabUsers,DC=cmce,DC=lab"
Gill,Williams,Human Resources,gwilliams,Gill Williams,"OU=Human Resources,OU=Departments,OU=LabUsers,DC=cmce,DC=lab"
Harinder,Rahman,Human Resources,hrahman,Harinder Rahman,"OU=Human Resources,OU=Departments,OU=LabUsers,DC=cmce,DC=lab"
Hugh,Sharma,Human Resources,hsharma,Hugh Sharma,"OU=Human Resources,OU=Departments,OU=LabUsers,DC=cmce,DC=lab"
Imogen,Wills,Human Resources,iwills,Imogen Wills,"OU=Human Resources,OU=Departments,OU=LabUsers,DC=cmce,DC=lab"
Irene,Weir,Human Resources,iweir,Irene Weir,"OU=Human Resources,OU=Departments,OU=LabUsers,DC=cmce,DC=lab"
Janice,Khan,Human Resources,jkhan,Janice Khan,"OU=Human Resources,OU=Departments,OU=LabUsers,DC=cmce,DC=lab"
Jenny,Sisodia,Human Resources,jsisodia,Jenny Sisodia,"OU=Human Resources,OU=Departments,OU=LabUsers,DC=cmce,DC=lab"
Jo,Rigby,Human Resources,jrigby,Jo Rigby,"OU=Human Resources,OU=Departments,OU=LabUsers,DC=cmce,DC=lab"
Julie,Chidley,Human Resources,jchidley,Julie Chidley,"OU=Human Resources,OU=Departments,OU=LabUsers,DC=cmce,DC=lab"
Karen,Stanton,Human Resources,kstanton,Karen Stanton,"OU=Human Resources,OU=Departments,OU=LabUsers,DC=cmce,DC=lab"
Kelly,Chatir,Human Resources,kchatir,Kelly Chatir,"OU=Human Resources,OU=Departments,OU=LabUsers,DC=cmce,DC=lab"
Lesley,Stanton,Human Resources,lstanton,Lesley Stanton,"OU=Human Resources,OU=Departments,OU=LabUsers,DC=cmce,DC=lab"
Liz,Sharma,Human Resources,lsharma,Liz Sharma,"OU=Human Resources,OU=Departments,OU=LabUsers,DC=cmce,DC=lab"
Lorraine,Oza,Human Resources,loza,Lorraine Oza,"OU=Human Resources,OU=Departments,OU=LabUsers,DC=cmce,DC=lab"
Maggie,Hengist,Human Resources,mhengist,Maggie Hengist,"OU=Human Resources,OU=Departments,OU=LabUsers,DC=cmce,DC=lab"
Margaret,Blake,Human Resources,mblake,Margaret Blake,"OU=Human Resources,OU=Departments,OU=LabUsers,DC=cmce,DC=lab"
Martyn,Latimer,Human Resources,mlatimer,Martyn Latimer,"OU=Human Resources,OU=Departments,OU=LabUsers,DC=cmce,DC=lab"
Michael,Phillips,Human Resources,mphillips,Michael Phillips,"OU=Human Resources,OU=Departments,OU=LabUsers,DC=cmce,DC=lab"
Nadia,Siddall,Human Resources,nsiddall,Nadia Siddall,"OU=Human Resources,OU=Departments,OU=LabUsers,DC=cmce,DC=lab"
Pakwei,Dean,Human Resources,pdean,Pakwei Dean,"OU=Human Resources,OU=Departments,OU=LabUsers,DC=cmce,DC=lab"
Polly,Ogundipe,Human Resources,pogundipe,Polly Ogundipe,"OU=Human Resources,OU=Departments,OU=LabUsers,DC=cmce,DC=lab"
Rajinder,Mott,Human Resources,rmott,Rajinder Mott,"OU=Human Resources,OU=Departments,OU=LabUsers,DC=cmce,DC=lab"
Robert,Henderson,Human Resources,rhenderson,Robert Henderson,"OU=Human Resources,OU=Departments,OU=LabUsers,DC=cmce,DC=lab"
Rowena,Khan,Human Resources,rkhan,Rowena Khan,"OU=Human Resources,OU=Departments,OU=LabUsers,DC=cmce,DC=lab"
Sarah,Jones,Human Resources,sjones,Sarah Jones,"OU=Human Resources,OU=Departments,OU=LabUsers,DC=cmce,DC=lab"
Sneh,Hedges,Human Resources,shedges,Sneh Hedges,"OU=Human Resources,OU=Departments,OU=LabUsers,DC=cmce,DC=lab"
Sue ,Malhotra,Human Resources,smalhotra,Sue  Malhotra,"OU=Human Resources,OU=Departments,OU=LabUsers,DC=cmce,DC=lab"
Tara ,Fisher,Human Resources,tfisher,Tara  Fisher,"OU=Human Resources,OU=Departments,OU=LabUsers,DC=cmce,DC=lab"
Val ,Horne,Human Resources,vhorne,Val  Horne,"OU=Human Resources,OU=Departments,OU=LabUsers,DC=cmce,DC=lab"
Alan ,Reid,Information Technology,areid,Alan  Reid,"OU=Information Technology,OU=Departments,OU=LabUsers,DC=cmce,DC=lab"
Aleisha ,Harrison,Information Technology,aharrison,Aleisha  Harrison,"OU=Information Technology,OU=Departments,OU=LabUsers,DC=cmce,DC=lab"
Amanda ,Watters,Information Technology,awatters,Amanda  Watters,"OU=Information Technology,OU=Departments,OU=LabUsers,DC=cmce,DC=lab"
Andrea ,Bennett,Information Technology,abennett,Andrea  Bennett,"OU=Information Technology,OU=Departments,OU=LabUsers,DC=cmce,DC=lab"
Anne ,Schubert,Information Technology,aschubert,Anne  Schubert,"OU=Information Technology,OU=Departments,OU=LabUsers,DC=cmce,DC=lab"
Annie ,Mcqueen,Information Technology,amcqueen,Annie  Mcqueen,"OU=Information Technology,OU=Departments,OU=LabUsers,DC=cmce,DC=lab"
Charles ,Ponton,Information Technology,cponton,Charles  Ponton,"OU=Information Technology,OU=Departments,OU=LabUsers,DC=cmce,DC=lab"
Chris,Phillips,Information Technology,cphillips,Chris Phillips,"OU=Information Technology,OU=Departments,OU=LabUsers,DC=cmce,DC=lab"
Craig,Clayton,Information Technology,cclayton,Craig Clayton,"OU=Information Technology,OU=Departments,OU=LabUsers,DC=cmce,DC=lab"
David,Marriott,Information Technology,dmarriott,David Marriott,"OU=Information Technology,OU=Departments,OU=LabUsers,DC=cmce,DC=lab"
Dawn,Cuthbert,Information Technology,dcuthbert,Dawn Cuthbert,"OU=Information Technology,OU=Departments,OU=LabUsers,DC=cmce,DC=lab"
Dawn,Gates,Information Technology,dgates,Dawn Gates,"OU=Information Technology,OU=Departments,OU=LabUsers,DC=cmce,DC=lab"
Diana,Samuda,Information Technology,dsamuda,Diana Samuda,"OU=Information Technology,OU=Departments,OU=LabUsers,DC=cmce,DC=lab"
Diane,Hall,Information Technology,dhall,Diane Hall,"OU=Information Technology,OU=Departments,OU=LabUsers,DC=cmce,DC=lab"
Elizabeth ,Holloway,Information Technology,eholloway,Elizabeth  Holloway,"OU=Information Technology,OU=Departments,OU=LabUsers,DC=cmce,DC=lab"
Ferzana,King,Information Technology,fking,Ferzana King,"OU=Information Technology,OU=Departments,OU=LabUsers,DC=cmce,DC=lab"
Gaynor,Gurm,Information Technology,ggurm,Gaynor Gurm,"OU=Information Technology,OU=Departments,OU=LabUsers,DC=cmce,DC=lab"
Hilary,Greenall,Information Technology,hgreenall,Hilary Greenall,"OU=Information Technology,OU=Departments,OU=LabUsers,DC=cmce,DC=lab"
Mark,Stone,Information Technology,mstone,Mark Stone,"OU=Information Technology,OU=Departments,OU=LabUsers,DC=cmce,DC=lab"
Prathee,Dar,Information Technology,pdar,Prathee Dar,"OU=Information Technology,OU=Departments,OU=LabUsers,DC=cmce,DC=lab"
Rob,Ryan,Information Technology,rryan,Rob Ryan,"OU=Information Technology,OU=Departments,OU=LabUsers,DC=cmce,DC=lab"
Sheena,Underwood,Information Technology,sunderwood,Sheena Underwood,"OU=Information Technology,OU=Departments,OU=LabUsers,DC=cmce,DC=lab"
Steve,Beaumont,Information Technology,sbeaumont,Steve Beaumont,"OU=Information Technology,OU=Departments,OU=LabUsers,DC=cmce,DC=lab"
Valerie,Owens,Information Technology,vowens,Valerie Owens,"OU=Information Technology,OU=Departments,OU=LabUsers,DC=cmce,DC=lab"
Wayne,Robinson,Information Technology,wrobinson,Wayne Robinson,"OU=Information Technology,OU=Departments,OU=LabUsers,DC=cmce,DC=lab"
Alannah,Shaw,Research,ashaw,Alannah Shaw,"OU=Research,OU=Departments,OU=LabUsers,DC=cmce,DC=lab"
Almaz,Duggan,Research,aduggan,Almaz Duggan,"OU=Research,OU=Departments,OU=LabUsers,DC=cmce,DC=lab"
Amy,Lawrence,Research,alawrence,Amy Lawrence,"OU=Research,OU=Departments,OU=LabUsers,DC=cmce,DC=lab"
Aneeta,Dorking,Research,adorking,Aneeta Dorking,"OU=Research,OU=Departments,OU=LabUsers,DC=cmce,DC=lab"
Annette,O'sullivan,Research,ao'sullivan,Annette O'sullivan,"OU=Research,OU=Departments,OU=LabUsers,DC=cmce,DC=lab"
Bella,Forder,Research,bforder,Bella Forder,"OU=Research,OU=Departments,OU=LabUsers,DC=cmce,DC=lab"
Bisi,Ivison,Research,bivison,Bisi Ivison,"OU=Research,OU=Departments,OU=LabUsers,DC=cmce,DC=lab"
Carol,Wilson,Research,cwilson,Carol Wilson,"OU=Research,OU=Departments,OU=LabUsers,DC=cmce,DC=lab"
Charlotte,Bonsey,Research,cbonsey,Charlotte Bonsey,"OU=Research,OU=Departments,OU=LabUsers,DC=cmce,DC=lab"
Claire,Hinckley,Research,chinckley,Claire Hinckley,"OU=Research,OU=Departments,OU=LabUsers,DC=cmce,DC=lab"
Corinne,Brown,Research,cbrown,Corinne Brown,"OU=Research,OU=Departments,OU=LabUsers,DC=cmce,DC=lab"
Danielle,D'Costa,Research,dd'costa,Danielle D'Costa,"OU=Research,OU=Departments,OU=LabUsers,DC=cmce,DC=lab"
Debbie,Dalgliesh,Research,ddalgliesh,Debbie Dalgliesh,"OU=Research,OU=Departments,OU=LabUsers,DC=cmce,DC=lab"
Debbie,Lisa,Research,dlisa,Debbie Lisa,"OU=Research,OU=Departments,OU=LabUsers,DC=cmce,DC=lab"
Diana,Williams,Research,dwilliams,Diana Williams,"OU=Research,OU=Departments,OU=LabUsers,DC=cmce,DC=lab"
Elaine,West,Research,ewest,Elaine West,"OU=Research,OU=Departments,OU=LabUsers,DC=cmce,DC=lab"
Finn,Redhead,Research,fredhead,Finn Redhead,"OU=Research,OU=Departments,OU=LabUsers,DC=cmce,DC=lab"
Garth,Gibbons,Research,ggibbons,Garth Gibbons,"OU=Research,OU=Departments,OU=LabUsers,DC=cmce,DC=lab"
Georgie,Jeyapragasam,Research,gjeyapragasam,Georgie Jeyapragasam,"OU=Research,OU=Departments,OU=LabUsers,DC=cmce,DC=lab"
Gurdip,Grewal,Research,ggrewal,Gurdip Grewal,"OU=Research,OU=Departments,OU=LabUsers,DC=cmce,DC=lab"
Hazel,Scott-Saunders,Research,hscott-saunders,Hazel Scott-Saunders,"OU=Research,OU=Departments,OU=LabUsers,DC=cmce,DC=lab"
Helen,Beddell,Research,hbeddell,Helen Beddell,"OU=Research,OU=Departments,OU=LabUsers,DC=cmce,DC=lab"
Indira,Hothi,Research,ihothi,Indira Hothi,"OU=Research,OU=Departments,OU=LabUsers,DC=cmce,DC=lab"
Jack,Hirschorn,Research,jhirschorn,Jack Hirschorn,"OU=Research,OU=Departments,OU=LabUsers,DC=cmce,DC=lab"
Jane,Martin,Research,jmartin,Jane Martin,"OU=Research,OU=Departments,OU=LabUsers,DC=cmce,DC=lab"
Jean,Soni,Research,jsoni,Jean Soni,"OU=Research,OU=Departments,OU=LabUsers,DC=cmce,DC=lab"
Joanna,Luty,Research,jluty,Joanna Luty,"OU=Research,OU=Departments,OU=LabUsers,DC=cmce,DC=lab"
John,Thompson,Research,jthompson,John Thompson,"OU=Research,OU=Departments,OU=LabUsers,DC=cmce,DC=lab"
Jude,Daniel-Frank,Research,jdaniel-frank,Jude Daniel-Frank,"OU=Research,OU=Departments,OU=LabUsers,DC=cmce,DC=lab"
Judith,Rodrigues,Research,jrodrigues,Judith Rodrigues,"OU=Research,OU=Departments,OU=LabUsers,DC=cmce,DC=lab"
Kam,Bourdon,Research,kbourdon,Kam Bourdon,"OU=Research,OU=Departments,OU=LabUsers,DC=cmce,DC=lab"
Katherine,Mayers,Research,kmayers,Katherine Mayers,"OU=Research,OU=Departments,OU=LabUsers,DC=cmce,DC=lab"
Kathleen,Davies,Research,kdavies,Kathleen Davies,"OU=Research,OU=Departments,OU=LabUsers,DC=cmce,DC=lab"
Kathy,Zuiker,Research,kzuiker,Kathy Zuiker,"OU=Research,OU=Departments,OU=LabUsers,DC=cmce,DC=lab"
Kim,Taylor,Research,ktaylor,Kim Taylor,"OU=Research,OU=Departments,OU=LabUsers,DC=cmce,DC=lab"
Lesley,Ahmad,Research,lahmad,Lesley Ahmad,"OU=Research,OU=Departments,OU=LabUsers,DC=cmce,DC=lab"
Linda,Lindsay,Research,llindsay,Linda Lindsay,"OU=Research,OU=Departments,OU=LabUsers,DC=cmce,DC=lab"
Linda,Volo,Research,lvolo,Linda Volo,"OU=Research,OU=Departments,OU=LabUsers,DC=cmce,DC=lab"
Lisa,Clarke,Research,lclarke,Lisa Clarke,"OU=Research,OU=Departments,OU=LabUsers,DC=cmce,DC=lab"
Louise,Fleming,Research,lfleming,Louise Fleming,"OU=Research,OU=Departments,OU=LabUsers,DC=cmce,DC=lab"
Louise,Roberts,Research,lroberts,Louise Roberts,"OU=Research,OU=Departments,OU=LabUsers,DC=cmce,DC=lab"
Manjit,Kenny,Research,mkenny,Manjit Kenny,"OU=Research,OU=Departments,OU=LabUsers,DC=cmce,DC=lab"
Manjit,Radcliffe,Research,mradcliffe,Manjit Radcliffe,"OU=Research,OU=Departments,OU=LabUsers,DC=cmce,DC=lab"
Marc,Itoje,Research,mitoje,Marc Itoje,"OU=Research,OU=Departments,OU=LabUsers,DC=cmce,DC=lab"
Margaret,Rogers,Research,mrogers,Margaret Rogers,"OU=Research,OU=Departments,OU=LabUsers,DC=cmce,DC=lab"
Maureen,Barrett,Research,mbarrett,Maureen Barrett,"OU=Research,OU=Departments,OU=LabUsers,DC=cmce,DC=lab"
Merrill,Cudmore,Research,mcudmore,Merrill Cudmore,"OU=Research,OU=Departments,OU=LabUsers,DC=cmce,DC=lab"
Michelle,Peak,Research,mpeak,Michelle Peak,"OU=Research,OU=Departments,OU=LabUsers,DC=cmce,DC=lab"
Mike,Morrissy,Research,mmorrissy,Mike Morrissy,"OU=Research,OU=Departments,OU=LabUsers,DC=cmce,DC=lab"
Narinder,Collard,Research,ncollard,Narinder Collard,"OU=Research,OU=Departments,OU=LabUsers,DC=cmce,DC=lab"
Natalie,Hirons,Research,nhirons,Natalie Hirons,"OU=Research,OU=Departments,OU=LabUsers,DC=cmce,DC=lab"
Nick,Woodman,Research,nwoodman,Nick Woodman,"OU=Research,OU=Departments,OU=LabUsers,DC=cmce,DC=lab"
Nicola,Trujillo,Research,ntrujillo,Nicola Trujillo,"OU=Research,OU=Departments,OU=LabUsers,DC=cmce,DC=lab"
Paresh,Gerrard,Research,pgerrard,Paresh Gerrard,"OU=Research,OU=Departments,OU=LabUsers,DC=cmce,DC=lab"
Paul,Yorke,Research,pyorke,Paul Yorke,"OU=Research,OU=Departments,OU=LabUsers,DC=cmce,DC=lab"
Rachael,Slough,Research,rslough,Rachael Slough,"OU=Research,OU=Departments,OU=LabUsers,DC=cmce,DC=lab"
Rebecca,OShea,Research,roshea,Rebecca OShea,"OU=Research,OU=Departments,OU=LabUsers,DC=cmce,DC=lab"
Rosalina,Ghatora,Research,rghatora,Rosalina Ghatora,"OU=Research,OU=Departments,OU=LabUsers,DC=cmce,DC=lab"
Sabi,Smith,Research,ssmith,Sabi Smith,"OU=Research,OU=Departments,OU=LabUsers,DC=cmce,DC=lab"
Salma,Green,Research,sgreen,Salma Green,"OU=Research,OU=Departments,OU=LabUsers,DC=cmce,DC=lab"
Sharon,Butler,Research,sbutler,Sharon Butler,"OU=Research,OU=Departments,OU=LabUsers,DC=cmce,DC=lab"
Shirley,Jaggi,Research,sjaggi,Shirley Jaggi,"OU=Research,OU=Departments,OU=LabUsers,DC=cmce,DC=lab"
Stephen,Porter,Research,sporter,Stephen Porter,"OU=Research,OU=Departments,OU=LabUsers,DC=cmce,DC=lab"
Sue,Reynolds,Research,sreynolds,Sue Reynolds,"OU=Research,OU=Departments,OU=LabUsers,DC=cmce,DC=lab"
Sukhi,Samuel,Research,ssamuel,Sukhi Samuel,"OU=Research,OU=Departments,OU=LabUsers,DC=cmce,DC=lab"
Suki,Murray,Research,smurray,Suki Murray,"OU=Research,OU=Departments,OU=LabUsers,DC=cmce,DC=lab"
Tina,Miller,Research,tmiller,Tina Miller,"OU=Research,OU=Departments,OU=LabUsers,DC=cmce,DC=lab"
Veronica,Pettersen,Research,vpettersen,Veronica Pettersen,"OU=Research,OU=Departments,OU=LabUsers,DC=cmce,DC=lab"
Vik,Kirby,Research,vkirby,Vik Kirby,"OU=Research,OU=Departments,OU=LabUsers,DC=cmce,DC=lab"
Aldith,Walker,Sales,awalker,Aldith Walker,"OU=Sales,OU=Departments,OU=LabUsers,DC=cmce,DC=lab"
Alex,Heyne,Sales,aheyne,Alex Heyne,"OU=Sales,OU=Departments,OU=LabUsers,DC=cmce,DC=lab"
Ambrine,Berry,Sales,aberry,Ambrine Berry,"OU=Sales,OU=Departments,OU=LabUsers,DC=cmce,DC=lab"
Andrea,Sharma,Sales,asharma,Andrea Sharma,"OU=Sales,OU=Departments,OU=LabUsers,DC=cmce,DC=lab"
Angela,Hole,Sales,ahole,Angela Hole,"OU=Sales,OU=Departments,OU=LabUsers,DC=cmce,DC=lab"
Annabella,Barry,Sales,abarry,Annabella Barry,"OU=Sales,OU=Departments,OU=LabUsers,DC=cmce,DC=lab"
Barinder,Howe,Sales,bhowe,Barinder Howe,"OU=Sales,OU=Departments,OU=LabUsers,DC=cmce,DC=lab"
Bernadette,Hemming,Sales,bhemming,Bernadette Hemming,"OU=Sales,OU=Departments,OU=LabUsers,DC=cmce,DC=lab"
Bruce,Thillainayagam,Sales,bthillainayagam,Bruce Thillainayagam,"OU=Sales,OU=Departments,OU=LabUsers,DC=cmce,DC=lab"
Carol,Reeves,Sales,creeves,Carol Reeves,"OU=Sales,OU=Departments,OU=LabUsers,DC=cmce,DC=lab"
Caroline,Ball,Sales,cball,Caroline Ball,"OU=Sales,OU=Departments,OU=LabUsers,DC=cmce,DC=lab"
Charlotte,Leader,Sales,cleader,Charlotte Leader,"OU=Sales,OU=Departments,OU=LabUsers,DC=cmce,DC=lab"
Chrissie,Varney,Sales,cvarney,Chrissie Varney,"OU=Sales,OU=Departments,OU=LabUsers,DC=cmce,DC=lab"
Clive,Spong,Sales,cspong,Clive Spong,"OU=Sales,OU=Departments,OU=LabUsers,DC=cmce,DC=lab"
Darren,Nicholls,Sales,dnicholls,Darren Nicholls,"OU=Sales,OU=Departments,OU=LabUsers,DC=cmce,DC=lab"
David,Lang,Sales,dlang,David Lang,"OU=Sales,OU=Departments,OU=LabUsers,DC=cmce,DC=lab"
Davina,Nsiah,Sales,dnsiah,Davina Nsiah,"OU=Sales,OU=Departments,OU=LabUsers,DC=cmce,DC=lab"
Debbie,Abdillahi,Sales,dabdillahi,Debbie Abdillahi,"OU=Sales,OU=Departments,OU=LabUsers,DC=cmce,DC=lab"
Deborah,Docherty,Sales,ddocherty,Deborah Docherty,"OU=Sales,OU=Departments,OU=LabUsers,DC=cmce,DC=lab"
Denise,Ahadi,Sales,dahadi,Denise Ahadi,"OU=Sales,OU=Departments,OU=LabUsers,DC=cmce,DC=lab"
Denise,Dartnell,Sales,ddartnell,Denise Dartnell,"OU=Sales,OU=Departments,OU=LabUsers,DC=cmce,DC=lab"
Doreen,Brown,Sales,dbrown,Doreen Brown,"OU=Sales,OU=Departments,OU=LabUsers,DC=cmce,DC=lab"
Elise,Daeth,Sales,edaeth,Elise Daeth,"OU=Sales,OU=Departments,OU=LabUsers,DC=cmce,DC=lab"
Eric,Paw,Sales,epaw,Eric Paw,"OU=Sales,OU=Departments,OU=LabUsers,DC=cmce,DC=lab"
Francesca,Johnson,Sales,fjohnson,Francesca Johnson,"OU=Sales,OU=Departments,OU=LabUsers,DC=cmce,DC=lab"
Frank,Warboys,Sales,fwarboys,Frank Warboys,"OU=Sales,OU=Departments,OU=LabUsers,DC=cmce,DC=lab"
Gavin,Welch,Sales,gwelch,Gavin Welch,"OU=Sales,OU=Departments,OU=LabUsers,DC=cmce,DC=lab"
George,Barchha,Sales,gbarchha,George Barchha,"OU=Sales,OU=Departments,OU=LabUsers,DC=cmce,DC=lab"
Gill,Farrand,Sales,gfarrand,Gill Farrand,"OU=Sales,OU=Departments,OU=LabUsers,DC=cmce,DC=lab"
Harinder,Randhawa,Sales,hrandhawa,Harinder Randhawa,"OU=Sales,OU=Departments,OU=LabUsers,DC=cmce,DC=lab"
Harminder,Parmar,Sales,hparmar,Harminder Parmar,"OU=Sales,OU=Departments,OU=LabUsers,DC=cmce,DC=lab"
Helen,Bromley,Sales,hbromley,Helen Bromley,"OU=Sales,OU=Departments,OU=LabUsers,DC=cmce,DC=lab"
Herprit,Sear,Sales,hsear,Herprit Sear,"OU=Sales,OU=Departments,OU=LabUsers,DC=cmce,DC=lab"
Hilary,Ramos,Sales,hramos,Hilary Ramos,"OU=Sales,OU=Departments,OU=LabUsers,DC=cmce,DC=lab"
Ivana,Ferrary,Sales,iferrary,Ivana Ferrary,"OU=Sales,OU=Departments,OU=LabUsers,DC=cmce,DC=lab"
Jacqueline,Chapman,Sales,jchapman,Jacqueline Chapman,"OU=Sales,OU=Departments,OU=LabUsers,DC=cmce,DC=lab"
Jagir,Ward,Sales,jward,Jagir Ward,"OU=Sales,OU=Departments,OU=LabUsers,DC=cmce,DC=lab"
Janet,Goppy,Sales,jgoppy,Janet Goppy,"OU=Sales,OU=Departments,OU=LabUsers,DC=cmce,DC=lab"
Janis,Armoogum,Sales,jarmoogum,Janis Armoogum,"OU=Sales,OU=Departments,OU=LabUsers,DC=cmce,DC=lab"
Jas,Mahal,Sales,jmahal,Jas Mahal,"OU=Sales,OU=Departments,OU=LabUsers,DC=cmce,DC=lab"
Jayshree,Poley,Sales,jpoley,Jayshree Poley,"OU=Sales,OU=Departments,OU=LabUsers,DC=cmce,DC=lab"
Jennifer,Tind,Sales,jtind,Jennifer Tind,"OU=Sales,OU=Departments,OU=LabUsers,DC=cmce,DC=lab"
Jo,Boyd,Sales,jboyd,Jo Boyd,"OU=Sales,OU=Departments,OU=LabUsers,DC=cmce,DC=lab"
Joanna,Hughes,Sales,jhughes,Joanna Hughes,"OU=Sales,OU=Departments,OU=LabUsers,DC=cmce,DC=lab"
John,Tilleray,Sales,jtilleray,John Tilleray,"OU=Sales,OU=Departments,OU=LabUsers,DC=cmce,DC=lab"
Josh,Bhogal,Sales,jbhogal,Josh Bhogal,"OU=Sales,OU=Departments,OU=LabUsers,DC=cmce,DC=lab"
Joy,Sian,Sales,jsian,Joy Sian,"OU=Sales,OU=Departments,OU=LabUsers,DC=cmce,DC=lab"
Judith,Forge,Sales,jforge,Judith Forge,"OU=Sales,OU=Departments,OU=LabUsers,DC=cmce,DC=lab"
Julia,Brett,Sales,jbrett,Julia Brett,"OU=Sales,OU=Departments,OU=LabUsers,DC=cmce,DC=lab"
Julian,Morozgalska,Sales,jmorozgalska,Julian Morozgalska,"OU=Sales,OU=Departments,OU=LabUsers,DC=cmce,DC=lab"
Julie,Forrester,Sales,jforrester,Julie Forrester,"OU=Sales,OU=Departments,OU=LabUsers,DC=cmce,DC=lab"
Julie,Hollinshead,Sales,jhollinshead,Julie Hollinshead,"OU=Sales,OU=Departments,OU=LabUsers,DC=cmce,DC=lab"
Julienne,Purcell,Sales,jpurcell,Julienne Purcell,"OU=Sales,OU=Departments,OU=LabUsers,DC=cmce,DC=lab"
Karen,Ramparsad,Sales,kramparsad,Karen Ramparsad,"OU=Sales,OU=Departments,OU=LabUsers,DC=cmce,DC=lab"
Kelly,Morrin,Sales,kmorrin,Kelly Morrin,"OU=Sales,OU=Departments,OU=LabUsers,DC=cmce,DC=lab"
Kieron,Bells,Sales,kbells,Kieron Bells,"OU=Sales,OU=Departments,OU=LabUsers,DC=cmce,DC=lab"
Laoise,Curtis,Sales,lcurtis,Laoise Curtis,"OU=Sales,OU=Departments,OU=LabUsers,DC=cmce,DC=lab"
Lesley,Smith,Sales,lsmith,Lesley Smith,"OU=Sales,OU=Departments,OU=LabUsers,DC=cmce,DC=lab"
Lesley,Taggart,Sales,ltaggart,Lesley Taggart,"OU=Sales,OU=Departments,OU=LabUsers,DC=cmce,DC=lab"
Linda,Dowden,Sales,ldowden,Linda Dowden,"OU=Sales,OU=Departments,OU=LabUsers,DC=cmce,DC=lab"
Louise,Doran,Sales,ldoran,Louise Doran,"OU=Sales,OU=Departments,OU=LabUsers,DC=cmce,DC=lab"
Lucy,Spratley,Sales,lspratley,Lucy Spratley,"OU=Sales,OU=Departments,OU=LabUsers,DC=cmce,DC=lab"
Lydia,Haines,Sales,lhaines,Lydia Haines,"OU=Sales,OU=Departments,OU=LabUsers,DC=cmce,DC=lab"
Lynne,Sherri,Sales,lsherri,Lynne Sherri,"OU=Sales,OU=Departments,OU=LabUsers,DC=cmce,DC=lab"
Magdalene,Mann,Sales,mmann,Magdalene Mann,"OU=Sales,OU=Departments,OU=LabUsers,DC=cmce,DC=lab"
Mahera,Bawa,Sales,mbawa,Mahera Bawa,"OU=Sales,OU=Departments,OU=LabUsers,DC=cmce,DC=lab"
Marcia,Barnett,Sales,mbarnett,Marcia Barnett,"OU=Sales,OU=Departments,OU=LabUsers,DC=cmce,DC=lab"
Margaret,Carr-Miller,Sales,mcarr-miller,Margaret Carr-Miller,"OU=Sales,OU=Departments,OU=LabUsers,DC=cmce,DC=lab"
Margaret,Mcleod,Sales,mmcleod,Margaret Mcleod,"OU=Sales,OU=Departments,OU=LabUsers,DC=cmce,DC=lab"
Margie,Carr,Sales,mcarr,Margie Carr,"OU=Sales,OU=Departments,OU=LabUsers,DC=cmce,DC=lab"
Mark,Patel,Sales,mpatel,Mark Patel,"OU=Sales,OU=Departments,OU=LabUsers,DC=cmce,DC=lab"
Martin,Rajkumar,Sales,mrajkumar,Martin Rajkumar,"OU=Sales,OU=Departments,OU=LabUsers,DC=cmce,DC=lab"
Mary,Hayes,Sales,mhayes,Mary Hayes,"OU=Sales,OU=Departments,OU=LabUsers,DC=cmce,DC=lab"
Mavis,Cornwall,Sales,mcornwall,Mavis Cornwall,"OU=Sales,OU=Departments,OU=LabUsers,DC=cmce,DC=lab"
Mayo,Hogan,Sales,mhogan,Mayo Hogan,"OU=Sales,OU=Departments,OU=LabUsers,DC=cmce,DC=lab"
Merle,Elam,Sales,melam,Merle Elam,"OU=Sales,OU=Departments,OU=LabUsers,DC=cmce,DC=lab"
Michael,Young,Sales,myoung,Michael Young,"OU=Sales,OU=Departments,OU=LabUsers,DC=cmce,DC=lab"
Michelle,Stevenson,Sales,mstevenson,Michelle Stevenson,"OU=Sales,OU=Departments,OU=LabUsers,DC=cmce,DC=lab"
Morag,Cross,Sales,mcross,Morag Cross,"OU=Sales,OU=Departments,OU=LabUsers,DC=cmce,DC=lab"
Narelle,Nwaizu,Sales,nnwaizu,Narelle Nwaizu,"OU=Sales,OU=Departments,OU=LabUsers,DC=cmce,DC=lab"
Narvan,Farhan,Sales,nfarhan,Narvan Farhan,"OU=Sales,OU=Departments,OU=LabUsers,DC=cmce,DC=lab"
Nathan,Keane,Sales,nkeane,Nathan Keane,"OU=Sales,OU=Departments,OU=LabUsers,DC=cmce,DC=lab"
Nickesha,Latimer,Sales,nlatimer,Nickesha Latimer,"OU=Sales,OU=Departments,OU=LabUsers,DC=cmce,DC=lab"
Nicola,Elghazi,Sales,nelghazi,Nicola Elghazi,"OU=Sales,OU=Departments,OU=LabUsers,DC=cmce,DC=lab"
Nicola,Noad,Sales,nnoad,Nicola Noad,"OU=Sales,OU=Departments,OU=LabUsers,DC=cmce,DC=lab"
Nina,Davidson,Sales,ndavidson,Nina Davidson,"OU=Sales,OU=Departments,OU=LabUsers,DC=cmce,DC=lab"
Nuno,Lowe,Sales,nlowe,Nuno Lowe,"OU=Sales,OU=Departments,OU=LabUsers,DC=cmce,DC=lab"
Oliver,Loffler,Sales,oloffler,Oliver Loffler,"OU=Sales,OU=Departments,OU=LabUsers,DC=cmce,DC=lab"
Parmjit,Pusey,Sales,ppusey,Parmjit Pusey,"OU=Sales,OU=Departments,OU=LabUsers,DC=cmce,DC=lab"
Patricia,Soodi,Sales,psoodi,Patricia Soodi,"OU=Sales,OU=Departments,OU=LabUsers,DC=cmce,DC=lab"
Pauline,Kovacs,Sales,pkovacs,Pauline Kovacs,"OU=Sales,OU=Departments,OU=LabUsers,DC=cmce,DC=lab"
Phil,Lussier,Sales,plussier,Phil Lussier,"OU=Sales,OU=Departments,OU=LabUsers,DC=cmce,DC=lab"
Pradip,Rasulian,Sales,prasulian,Pradip Rasulian,"OU=Sales,OU=Departments,OU=LabUsers,DC=cmce,DC=lab"
Punam,Elkington,Sales,pelkington,Punam Elkington,"OU=Sales,OU=Departments,OU=LabUsers,DC=cmce,DC=lab"
Rachel,Glennon,Sales,rglennon,Rachel Glennon,"OU=Sales,OU=Departments,OU=LabUsers,DC=cmce,DC=lab"
Rajinder,Lelliott,Sales,rlelliott,Rajinder Lelliott,"OU=Sales,OU=Departments,OU=LabUsers,DC=cmce,DC=lab"
Ranjit,Mcilvenna,Sales,rmcilvenna,Ranjit Mcilvenna,"OU=Sales,OU=Departments,OU=LabUsers,DC=cmce,DC=lab"
Ravi,Edmonds,Sales,redmonds,Ravi Edmonds,"OU=Sales,OU=Departments,OU=LabUsers,DC=cmce,DC=lab"
Richard,Bennett,Sales,rbennett,Richard Bennett,"OU=Sales,OU=Departments,OU=LabUsers,DC=cmce,DC=lab"
Roger,Purewal,Sales,rpurewal,Roger Purewal,"OU=Sales,OU=Departments,OU=LabUsers,DC=cmce,DC=lab"
Rosemary,Jagdev,Sales,rjagdev,Rosemary Jagdev,"OU=Sales,OU=Departments,OU=LabUsers,DC=cmce,DC=lab"
Ruth,Cherry,Sales,rcherry,Ruth Cherry,"OU=Sales,OU=Departments,OU=LabUsers,DC=cmce,DC=lab"
Sandra,Watson,Sales,swatson,Sandra Watson,"OU=Sales,OU=Departments,OU=LabUsers,DC=cmce,DC=lab"
Sandy,Williams,Sales,swilliams,Sandy Williams,"OU=Sales,OU=Departments,OU=LabUsers,DC=cmce,DC=lab"
Sarah,Baker,Sales,sbaker,Sarah Baker,"OU=Sales,OU=Departments,OU=LabUsers,DC=cmce,DC=lab"
Sharmila,Hafri,Sales,shafri,Sharmila Hafri,"OU=Sales,OU=Departments,OU=LabUsers,DC=cmce,DC=lab"
Sharnjit,Mcilroy,Sales,smcilroy,Sharnjit Mcilroy,"OU=Sales,OU=Departments,OU=LabUsers,DC=cmce,DC=lab"
Sheetal,Stephens,Sales,sstephens,Sheetal Stephens,"OU=Sales,OU=Departments,OU=LabUsers,DC=cmce,DC=lab"
Stuart,Beauchamp,Sales,sbeauchamp,Stuart Beauchamp,"OU=Sales,OU=Departments,OU=LabUsers,DC=cmce,DC=lab"
Sue,Andress,Sales,sandress,Sue Andress,"OU=Sales,OU=Departments,OU=LabUsers,DC=cmce,DC=lab"
Sue,Cooper,Sales,scooper,Sue Cooper,"OU=Sales,OU=Departments,OU=LabUsers,DC=cmce,DC=lab"
Sue,Dhami,Sales,sdhami,Sue Dhami,"OU=Sales,OU=Departments,OU=LabUsers,DC=cmce,DC=lab"
Sue,Sahota,Sales,ssahota,Sue Sahota,"OU=Sales,OU=Departments,OU=LabUsers,DC=cmce,DC=lab"
Sue,Swann,Sales,sswann,Sue Swann,"OU=Sales,OU=Departments,OU=LabUsers,DC=cmce,DC=lab"
Sukvinder,Bacquenois,Sales,sbacquenois,Sukvinder Bacquenois,"OU=Sales,OU=Departments,OU=LabUsers,DC=cmce,DC=lab"
Susan,Yorke,Sales,syorke,Susan Yorke,"OU=Sales,OU=Departments,OU=LabUsers,DC=cmce,DC=lab"
Teresa,Woods,Sales,twoods,Teresa Woods,"OU=Sales,OU=Departments,OU=LabUsers,DC=cmce,DC=lab"
Theresa,Bolt,Sales,tbolt,Theresa Bolt,"OU=Sales,OU=Departments,OU=LabUsers,DC=cmce,DC=lab"
Trudy,Sethi,Sales,tsethi,Trudy Sethi,"OU=Sales,OU=Departments,OU=LabUsers,DC=cmce,DC=lab"
Valerie,Andrews,Sales,vandrews,Valerie Andrews,"OU=Sales,OU=Departments,OU=LabUsers,DC=cmce,DC=lab"
Valerie,Prior,Sales,vprior,Valerie Prior,"OU=Sales,OU=Departments,OU=LabUsers,DC=cmce,DC=lab"
Victoria,Richardson,Sales,vrichardson,Victoria Richardson,"OU=Sales,OU=Departments,OU=LabUsers,DC=cmce,DC=lab"
Vina,Naish,Sales,vnaish,Vina Naish,"OU=Sales,OU=Departments,OU=LabUsers,DC=cmce,DC=lab"
Yoke,Davies,Sales,ydavies,Yoke Davies,"OU=Sales,OU=Departments,OU=LabUsers,DC=cmce,DC=lab"
Yvette,Willis,Sales,ywillis,Yvette Willis,"OU=Sales,OU=Departments,OU=LabUsers,DC=cmce,DC=lab"
Yvonne,Sladen,Sales,ysladen,Yvonne Sladen,"OU=Sales,OU=Departments,OU=LabUsers,DC=cmce,DC=lab"
Zena,James,Sales,zjames,Zena James,"OU=Sales,OU=Departments,OU=LabUsers,DC=cmce,DC=lab"
Alison,Lindsay,Marketing,alindsay,Alison Lindsay,"OU=Marketing,OU=Departments,OU=LabUsers,DC=cmce,DC=lab"
Ana,Williams,Marketing,awilliams,Ana Williams,"OU=Marketing,OU=Departments,OU=LabUsers,DC=cmce,DC=lab"
Andy,Crossley,Marketing,acrossley,Andy Crossley,"OU=Marketing,OU=Departments,OU=LabUsers,DC=cmce,DC=lab"
Anne,Pearce,Marketing,apearce,Anne Pearce,"OU=Marketing,OU=Departments,OU=LabUsers,DC=cmce,DC=lab"
Avtar,Ellwood,Marketing,aellwood,Avtar Ellwood,"OU=Marketing,OU=Departments,OU=LabUsers,DC=cmce,DC=lab"
Carol,Tubby,Marketing,ctubby,Carol Tubby,"OU=Marketing,OU=Departments,OU=LabUsers,DC=cmce,DC=lab"
Catherine,Brah,Marketing,cbrah,Catherine Brah,"OU=Marketing,OU=Departments,OU=LabUsers,DC=cmce,DC=lab"
Chris,Majumdar,Marketing,cmajumdar,Chris Majumdar,"OU=Marketing,OU=Departments,OU=LabUsers,DC=cmce,DC=lab"
David,Abbott,Marketing,dabbott,David Abbott,"OU=Marketing,OU=Departments,OU=LabUsers,DC=cmce,DC=lab"
David,Ryan-Sak,Marketing,dryan-sak,David Ryan-Sak,"OU=Marketing,OU=Departments,OU=LabUsers,DC=cmce,DC=lab"
Debbie,Amissah,Marketing,damissah,Debbie Amissah,"OU=Marketing,OU=Departments,OU=LabUsers,DC=cmce,DC=lab"
Debra,Lowe,Marketing,dlowe,Debra Lowe,"OU=Marketing,OU=Departments,OU=LabUsers,DC=cmce,DC=lab"
Donna,A'Bear,Marketing,da'bear,Donna A'Bear,"OU=Marketing,OU=Departments,OU=LabUsers,DC=cmce,DC=lab"
Emma,Silvester,Marketing,esilvester,Emma Silvester,"OU=Marketing,OU=Departments,OU=LabUsers,DC=cmce,DC=lab"
Gary,Hopkins,Marketing,ghopkins,Gary Hopkins,"OU=Marketing,OU=Departments,OU=LabUsers,DC=cmce,DC=lab"
Georgiina,Gajri,Marketing,ggajri,Georgiina Gajri,"OU=Marketing,OU=Departments,OU=LabUsers,DC=cmce,DC=lab"
Hasu,Janjuh,Marketing,hjanjuh,Hasu Janjuh,"OU=Marketing,OU=Departments,OU=LabUsers,DC=cmce,DC=lab"
Hilary,Shortt,Marketing,hshortt,Hilary Shortt,"OU=Marketing,OU=Departments,OU=LabUsers,DC=cmce,DC=lab"
Jatinder,Healy,Marketing,jhealy,Jatinder Healy,"OU=Marketing,OU=Departments,OU=LabUsers,DC=cmce,DC=lab"
Jo,Allingham,Marketing,jallingham,Jo Allingham,"OU=Marketing,OU=Departments,OU=LabUsers,DC=cmce,DC=lab"
John,Woodard,Marketing,jwoodard,John Woodard,"OU=Marketing,OU=Departments,OU=LabUsers,DC=cmce,DC=lab"
Julie,Blackwell,Marketing,jblackwell,Julie Blackwell,"OU=Marketing,OU=Departments,OU=LabUsers,DC=cmce,DC=lab"
Karen,Shah,Marketing,kshah,Karen Shah,"OU=Marketing,OU=Departments,OU=LabUsers,DC=cmce,DC=lab"
Kathy,Abdullahi,Marketing,kabdullahi,Kathy Abdullahi,"OU=Marketing,OU=Departments,OU=LabUsers,DC=cmce,DC=lab"
Lesley,Seltene,Marketing,lseltene,Lesley Seltene,"OU=Marketing,OU=Departments,OU=LabUsers,DC=cmce,DC=lab"
Louise,Bowers,Marketing,lbowers,Louise Bowers,"OU=Marketing,OU=Departments,OU=LabUsers,DC=cmce,DC=lab"
Luke,Smyth,Marketing,lsmyth,Luke Smyth,"OU=Marketing,OU=Departments,OU=LabUsers,DC=cmce,DC=lab"
Manvinderpal,Ghisoni,Marketing,mghisoni,Manvinderpal Ghisoni,"OU=Marketing,OU=Departments,OU=LabUsers,DC=cmce,DC=lab"
Melanie,Thomas,Marketing,mthomas,Melanie Thomas,"OU=Marketing,OU=Departments,OU=LabUsers,DC=cmce,DC=lab"
Mona,Brown,Marketing,mbrown,Mona Brown,"OU=Marketing,OU=Departments,OU=LabUsers,DC=cmce,DC=lab"
Nicola,Trani,Marketing,ntrani,Nicola Trani,"OU=Marketing,OU=Departments,OU=LabUsers,DC=cmce,DC=lab"
Pauline,Taylor,Marketing,ptaylor,Pauline Taylor,"OU=Marketing,OU=Departments,OU=LabUsers,DC=cmce,DC=lab"
Priya,Smith,Marketing,psmith,Priya Smith,"OU=Marketing,OU=Departments,OU=LabUsers,DC=cmce,DC=lab"
Roger,Rihal,Marketing,rrihal,Roger Rihal,"OU=Marketing,OU=Departments,OU=LabUsers,DC=cmce,DC=lab"
Sarah,Reilly,Marketing,sreilly,Sarah Reilly,"OU=Marketing,OU=Departments,OU=LabUsers,DC=cmce,DC=lab"
Shah,Gogia,Marketing,sgogia,Shah Gogia,"OU=Marketing,OU=Departments,OU=LabUsers,DC=cmce,DC=lab"
Susan,Hamilton,Marketing,shamilton,Susan Hamilton,"OU=Marketing,OU=Departments,OU=LabUsers,DC=cmce,DC=lab"
Yvonne,Bardall,Marketing,ybardall,Yvonne Bardall,"OU=Marketing,OU=Departments,OU=LabUsers,DC=cmce,DC=lab"
Alison,Pugh,Management,apugh,Alison Pugh,"OU=Management,OU=Departments,OU=LabUsers,DC=cmce,DC=lab"
Chris,Lim,Management,clim,Chris Lim,"OU=Management,OU=Departments,OU=LabUsers,DC=cmce,DC=lab"
Hayley,Byron,Management,hbyron,Hayley Byron,"OU=Management,OU=Departments,OU=LabUsers,DC=cmce,DC=lab"
Nancy,Scott,Management,nscott,Nancy Scott,"OU=Management,OU=Departments,OU=LabUsers,DC=cmce,DC=lab"
Philip,Mercer,Management,pmercer,Philip Mercer,"OU=Management,OU=Departments,OU=LabUsers,DC=cmce,DC=lab"
Andrew,O'Grady,Solutions,ao'grady,Andrew O'Grady,"OU=Solutions,OU=Departments,OU=LabUsers,DC=cmce,DC=lab"
Ann,Parker,Solutions,aparker,Ann Parker,"OU=Solutions,OU=Departments,OU=LabUsers,DC=cmce,DC=lab"
Annette,Thomas,Solutions,athomas,Annette Thomas,"OU=Solutions,OU=Departments,OU=LabUsers,DC=cmce,DC=lab"
Bernadette,O'Connell,Solutions,bo'connell,Bernadette O'Connell,"OU=Solutions,OU=Departments,OU=LabUsers,DC=cmce,DC=lab"
Bina,Faria,Solutions,bfaria,Bina Faria,"OU=Solutions,OU=Departments,OU=LabUsers,DC=cmce,DC=lab"
Carol,Okyere,Solutions,cokyere,Carol Okyere,"OU=Solutions,OU=Departments,OU=LabUsers,DC=cmce,DC=lab"
Chris,White,Solutions,cwhite,Chris White,"OU=Solutions,OU=Departments,OU=LabUsers,DC=cmce,DC=lab"
David,Gower,Solutions,dgower,David Gower,"OU=Solutions,OU=Departments,OU=LabUsers,DC=cmce,DC=lab"
Debbie,Askew,Solutions,daskew,Debbie Askew,"OU=Solutions,OU=Departments,OU=LabUsers,DC=cmce,DC=lab"
Emma,Gardner,Solutions,egardner,Emma Gardner,"OU=Solutions,OU=Departments,OU=LabUsers,DC=cmce,DC=lab"
Hilary,Seaman,Solutions,hseaman,Hilary Seaman,"OU=Solutions,OU=Departments,OU=LabUsers,DC=cmce,DC=lab"
Iram,Tejani,Solutions,itejani,Iram Tejani,"OU=Solutions,OU=Departments,OU=LabUsers,DC=cmce,DC=lab"
Jan,Marway,Solutions,jmarway,Jan Marway,"OU=Solutions,OU=Departments,OU=LabUsers,DC=cmce,DC=lab"
Jas,Dowden,Solutions,jdowden,Jas Dowden,"OU=Solutions,OU=Departments,OU=LabUsers,DC=cmce,DC=lab"
Jerald,Hameed,Solutions,jhameed,Jerald Hameed,"OU=Solutions,OU=Departments,OU=LabUsers,DC=cmce,DC=lab"
John,Nandra,Solutions,jnandra,John Nandra,"OU=Solutions,OU=Departments,OU=LabUsers,DC=cmce,DC=lab"
Judith,Woodland,Solutions,jwoodland,Judith Woodland,"OU=Solutions,OU=Departments,OU=LabUsers,DC=cmce,DC=lab"
Katherine,Phipps,Solutions,kphipps,Katherine Phipps,"OU=Solutions,OU=Departments,OU=LabUsers,DC=cmce,DC=lab"
Kevin,Douglas,Solutions,kdouglas,Kevin Douglas,"OU=Solutions,OU=Departments,OU=LabUsers,DC=cmce,DC=lab"
Linda,Rosa,Solutions,lrosa,Linda Rosa,"OU=Solutions,OU=Departments,OU=LabUsers,DC=cmce,DC=lab"
Lorraine,Rideout,Solutions,lrideout,Lorraine Rideout,"OU=Solutions,OU=Departments,OU=LabUsers,DC=cmce,DC=lab"
Lyn,Hargreaves,Solutions,lhargreaves,Lyn Hargreaves,"OU=Solutions,OU=Departments,OU=LabUsers,DC=cmce,DC=lab"
Marion,Pinto,Solutions,mpinto,Marion Pinto,"OU=Solutions,OU=Departments,OU=LabUsers,DC=cmce,DC=lab"
Martha,Chana,Solutions,mchana,Martha Chana,"OU=Solutions,OU=Departments,OU=LabUsers,DC=cmce,DC=lab"
Meena,Salt,Solutions,msalt,Meena Salt,"OU=Solutions,OU=Departments,OU=LabUsers,DC=cmce,DC=lab"
Mike,Williams,Solutions,mwilliams,Mike Williams,"OU=Solutions,OU=Departments,OU=LabUsers,DC=cmce,DC=lab"
Neville,Sherwin,Solutions,nsherwin,Neville Sherwin,"OU=Solutions,OU=Departments,OU=LabUsers,DC=cmce,DC=lab"
Patricia,Major,Solutions,pmajor,Patricia Major,"OU=Solutions,OU=Departments,OU=LabUsers,DC=cmce,DC=lab"
Phil,Collett,Solutions,pcollett,Phil Collett,"OU=Solutions,OU=Departments,OU=LabUsers,DC=cmce,DC=lab"
Rajdeep,Buckle,Solutions,rbuckle,Rajdeep Buckle,"OU=Solutions,OU=Departments,OU=LabUsers,DC=cmce,DC=lab"
Rebecca,Vintin,Solutions,rvintin,Rebecca Vintin,"OU=Solutions,OU=Departments,OU=LabUsers,DC=cmce,DC=lab"
Rie,Hopkins,Solutions,rhopkins,Rie Hopkins,"OU=Solutions,OU=Departments,OU=LabUsers,DC=cmce,DC=lab"
Rupinder,Zaveri,Solutions,rzaveri,Rupinder Zaveri,"OU=Solutions,OU=Departments,OU=LabUsers,DC=cmce,DC=lab"
Sara,Rana,Solutions,srana,Sara Rana,"OU=Solutions,OU=Departments,OU=LabUsers,DC=cmce,DC=lab"
Sarah,Strudwick,Solutions,sstrudwick,Sarah Strudwick,"OU=Solutions,OU=Departments,OU=LabUsers,DC=cmce,DC=lab"
Sekani,Clulow,Solutions,sclulow,Sekani Clulow,"OU=Solutions,OU=Departments,OU=LabUsers,DC=cmce,DC=lab"
Sue,Chandarana,Solutions,schandarana,Sue Chandarana,"OU=Solutions,OU=Departments,OU=LabUsers,DC=cmce,DC=lab"
Techno,Culhane,Solutions,tculhane,Techno Culhane,"OU=Solutions,OU=Departments,OU=LabUsers,DC=cmce,DC=lab"
